{
  "KOSPI": {
    "value": 3846.409912109375,
    "delta": -37.27001953125,
    "pct": -0.959657340132703
  },
  "KOSDAQ": {
    "value": 871.47998046875,
    "delta": -7.6700439453125,
    "pct": -0.872438575023011
  },
  "USD_KRW": {
    "value": 1440.469970703125,
    "delta": 9.72998046875,
    "pct": 0.6800662968228136
  },
  "WTI": {
    "value": 60.369998931884766,
    "delta": 1.8699989318847656,
    "pct": 3.196579370743189
  },
  "Gold": {
    "value": 4099.0,
    "delta": 54.60009765625,
    "pct": 1.350017282529578
  },
  "comment": "원/달러 고평가"
}