{
  "KOSPI": {
    "value": 3858.35009765625,
    "delta": -25.329833984375,
    "pct": -0.652212191277942
  },
  "KOSDAQ": {
    "value": 873.4199829101562,
    "delta": -5.73004150390625,
    "pct": -0.6517706130674589
  },
  "USD_KRW": {
    "value": 1430.739990234375,
    "delta": 11.0,
    "pct": 0.7747897555653191
  },
  "WTI": {
    "value": 60.38999938964844,
    "delta": 1.8899993896484375,
    "pct": 3.2307681874332266
  },
  "Gold": {
    "value": 4104.7001953125,
    "delta": 60.30029296875,
    "pct": 1.4909577298181043
  },
  "comment": "원/달러 고평가"
}