{
  "KOSPI": {
    "value": 3867.639892578125,
    "delta": -16.0400390625,
    "pct": -0.4130113537889831
  },
  "KOSDAQ": {
    "value": 875.4600219726562,
    "delta": -3.69000244140625,
    "pct": -0.41972386270085926
  },
  "USD_KRW": {
    "value": 1440.0899658203125,
    "delta": 9.3499755859375,
    "pct": 0.6535062729605989
  },
  "WTI": {
    "value": 60.290000915527344,
    "delta": 1.7900009155273438,
    "pct": 3.0598306248330664
  },
  "Gold": {
    "value": 4105.10009765625,
    "delta": 60.7001953125,
    "pct": 1.500845534026542
  },
  "comment": "원/달러 고평가"
}