{
  "timestamp_kst": "2025-10-23 16:26",
  "KOSPI": {
    "value": 3845.56005859375,
    "pct": -0.009815400269293461
  },
  "KOSDAQ": {
    "value": 872.030029296875,
    "pct": -0.008098725950593981
  },
  "USDKRW": {
    "value": 1439.1800537109375
  },
  "memo": "원/달러 고평가일수록 환율 수치↑"
}